Precision,Recall
0.09503342884431709,1.0
0.09507883420926899,1.0
0.09512428298279159,1.0
0.09516977522716404,1.0
0.09521531100478468,1.0
0.09526089037817137,1.0
0.09530651340996169,1.0
0.09535218016291327,1.0
0.09539789069990412,1.0
0.09544364508393285,1.0
0.095489443378119,1.0
0.09553528564570331,1.0
0.09558117195004803,1.0
0.0956271023546372,1.0
0.09567307692307692,1.0
0.09571909571909572,1.0
0.09576515880654475,1.0
0.09581126624939817,1.0
0.09585741811175337,1.0
0.09590361445783133,1.0
0.09594985535197685,1.0
0.09599614085865894,1.0
0.09604247104247104,1.0
0.09608884596813133,1.0
0.09613526570048309,1.0
0.09618173030449492,1.0
0.09622823984526112,1.0
0.09627479438800193,1.0
0.09632139399806389,1.0
0.09636803874092009,1.0
0.09641472868217055,1.0
0.09646146388754241,1.0
0.0965082444228904,1.0
0.096555070354197,1.0
0.09660194174757282,1.0
0.09664885866925692,1.0
0.0966958211856171,1.0
0.09674282936315022,1.0
0.0967898832684825,1.0
0.09683698296836983,1.0
0.09688412852969815,1.0
0.09693132001948368,1.0
0.09697855750487329,1.0
0.09702584105314481,1.0
0.09707317073170732,1.0
0.09712054660810152,1.0
0.09716796875,1.0
0.09721543722520762,1.0
0.09726295210166178,1.0
0.09731051344743276,1.0
0.09735812133072407,1.0
0.09740577581987274,1.0
0.09745347698334966,1.0
0.09750122488975992,1.0
0.09754901960784314,1.0
0.09759686120647376,1.0
0.09764474975466143,1.0
0.0976926853215513,1.0
0.09774066797642436,1.0
0.0977886977886978,1.0
0.09783677482792527,1.0
0.09788489916379735,1.0
0.09793307086614174,1.0
0.09798129000492369,1.0
0.0980295566502463,1.0
0.09807787087235091,1.0
0.09812623274161736,1.0
0.09817464232856438,1.0
0.09822309970384994,1.0
0.09827160493827161,1.0
0.0983201581027668,1.0
0.09836875926841325,1.0
0.09841740850642927,1.0
0.09846610588817417,1.0
0.09851485148514852,1.0
0.09856364536899455,1.0
0.09861248761149653,1.0
0.09866137828458106,1.0
0.09871031746031746,1.0
0.09875930521091811,1.0
0.09880834160873883,1.0
0.09885742672627919,1.0
0.0989065606361829,1.0
0.0989557434112382,1.0
0.09900497512437811,1.0
0.09905425584868094,1.0
0.09910358565737051,1.0
0.09915296462381665,1.0
0.0992023928215354,1.0
0.09925187032418953,1.0
0.09930139720558882,1.0
0.09935097353969047,1.0
0.09940059940059941,1.0
0.09945027486256872,1.0
0.0995,1.0
0.09954977488744372,1.0
0.0995995995995996,1.0
0.09964947421131698,1.0
0.09969939879759519,1.0
0.09974937343358396,1.0
0.09979939819458375,1.0
0.09984947315604616,1.0
0.09989959839357429,1.0
0.09994977398292315,1.0
0.1,1.0
0.10005027652086476,1.0
0.10010060362173039,1.0
0.10015098137896326,1.0
0.10020140986908359,1.0
0.10025188916876575,1.0
0.1003024193548387,1.0
0.10035300050428643,1.0
0.10040363269424823,1.0
0.10045431600201918,1.0
0.1005050505050505,1.0
0.10055583628094998,1.0
0.1006066734074823,1.0
0.10065756196256954,1.0
0.1007085020242915,1.0
0.10075949367088607,1.0
0.10081053698074975,1.0
0.1008616320324379,1.0
0.10091277890466531,1.0
0.10096397767630644,1.0
0.10101522842639594,1.0
0.101066531234129,1.0
0.10111788617886179,1.0
0.10116929334011185,1.0
0.10122075279755849,1.0
0.10127226463104326,1.0
0.10132382892057026,1.0
0.10137544574630668,1.0
0.10142711518858308,1.0
0.10147883732789394,1.0
0.10153061224489796,1.0
0.10158244002041858,1.0
0.10163432073544433,1.0
0.10168625447112928,1.0
0.10173824130879346,1.0
0.10179028132992328,1.0
0.10184237461617196,1.0
0.10189452124935997,1.0
0.1019467213114754,1.0
0.10199897488467452,1.0
0.10205128205128206,1.0
0.10210364289379169,1.0
0.10215605749486653,1.0
0.10220852593733949,1.0
0.10226104830421377,1.0
0.10231362467866324,1.0
0.10236625514403293,1.0
0.10241893978383942,1.0
0.10247167868177137,1.0
0.10252447192168986,1.0
0.10257731958762886,1.0
0.10263022176379577,1.0
0.10268317853457172,1.0
0.10273618998451213,1.0
0.10278925619834711,1.0
0.10284237726098192,1.0
0.10289555325749741,1.0
0.10294878427315055,1.0
0.10300207039337474,1.0
0.10305541170378042,1.0
0.10310880829015544,1.0
0.10316226023846553,1.0
0.10321576763485477,1.0
0.10326933056564608,1.0
0.10332294911734165,1.0
0.10337662337662337,1.0
0.10343035343035344,1.0
0.10348413936557463,1.0
0.10353798126951093,1.0
0.10359187922956793,1.0
0.10364583333333334,1.0
0.10369984366857739,1.0
0.10375391032325339,1.0
0.10380803338549817,1.0
0.10386221294363257,1.0
0.10391644908616188,1.0
0.10397074190177638,1.0
0.10402509147935181,1.0
0.10407949790794979,1.0
0.10413396127681843,1.0
0.10418848167539267,1.0
0.10424305919329492,1.0
0.10429769392033543,1.0
0.10435238594651285,1.0
0.1044071353620147,1.0
0.10446194225721785,1.0
0.10451680672268908,1.0
0.1045717288491855,1.0
0.1046267087276551,1.0
0.10468174644923724,1.0
0.10473684210526316,1.0
0.10479199578725645,1.0
0.10484720758693361,1.0
0.10490247759620454,1.0
0.10495780590717299,1.0
0.10501319261213721,1.0
0.10506863780359028,1.0
0.10512414157422081,1.0
0.10517970401691332,1.0
0.10523532522474881,1.0
0.1052910052910053,1.0
0.10534674430915829,1.0
0.10540254237288135,1.0
0.10545839957604664,1.0
0.10551431601272535,1.0
0.10557029177718832,1.0
0.10562632696390659,1.0
0.10568242166755178,1.0
0.10573857598299681,1.0
0.10579479000531632,1.0
0.10585106382978723,1.0
0.1059073975518893,1.0
0.10596379126730564,1.0
0.10602024507192329,1.0
0.10607675906183368,1.0
0.10613333333333333,1.0
0.10618996798292422,1.0
0.10624666310731447,1.0
0.1063034188034188,1.0
0.10636023516835917,1.0
0.10641711229946524,1.0
0.10647405029427501,1.0
0.10653104925053533,1.0
0.10658810926620246,1.0
0.10664523043944266,1.0
0.1067024128686327,1.0
0.10675965665236052,1.0
0.10681696188942566,1.0
0.10687432867883996,1.0
0.10693175711982805,1.0
0.10698924731182796,1.0
0.10704679935449166,1.0
0.10710441334768568,1.0
0.10716208939149165,1.0
0.10721982758620689,1.0
0.10727762803234502,1.0
0.10733549083063647,1.0
0.10739341608202914,1.0
0.10745140388768898,1.0
0.10750945434900054,1.0
0.10756756756756757,1.0
0.10762574364521363,1.0
0.10768398268398269,1.0
0.10774228478613969,1.0
0.10780065005417118,1.0
0.1078590785907859,1.0
0.1079175704989154,1.0
0.1079761258817146,1.0
0.10803474484256244,1.0
0.10809342748506247,1.0
0.10815217391304348,1.0
0.10821098423056008,1.0
0.10826985854189336,1.0
0.10832879695155144,1.0
0.10838779956427015,1.0
0.10844686648501363,1.0
0.10850599781897492,1.0
0.10856519367157665,1.0
0.10862445414847162,1.0
0.10868377935554342,1.0
0.1087431693989071,1.0
0.10880262438490979,1.0
0.10886214442013128,1.0
0.10892172961138478,1.0
0.10898138006571742,1.0
0.10904109589041096,1.0
0.10910087719298246,1.0
0.10916072408118487,1.0
0.10922063666300769,1.0
0.10928061504667765,1.0
0.10934065934065934,1.0
0.10940076965365586,1.0
0.10946094609460946,1.0
0.10952118877270225,1.0
0.10958149779735683,1.0
0.10964187327823692,1.0
0.10970231532524807,1.0
0.10976282404853833,1.0
0.1098233995584989,1.0
0.10988404196576478,1.0
0.10994475138121547,1.0
0.11000552791597568,1.0
0.11006637168141593,1.0
0.11012728278915329,1.0
0.11018826135105204,1.0
0.11024930747922437,1.0
0.11031042128603104,1.0
0.11037160288408208,1.0
0.11043285238623751,1.0
0.110494169905608,1.0
0.11055555555555556,1.0
0.11061700944969427,1.0
0.11067853170189099,1.0
0.110740122426266,1.0
0.11080178173719377,1.0
0.11086350974930362,1.0
0.1109253065774805,1.0
0.11098717233686559,1.0
0.11104910714285714,1.0
0.1111111111111111,1.0
0.1111731843575419,1.0
0.11123532699832309,1.0
0.11129753914988814,1.0
0.11135982092893117,1.0
0.11142217245240761,1.0
0.11148459383753502,1.0
0.11154708520179372,1.0
0.11160964666292765,1.0
0.11167227833894501,1.0
0.11173498034811903,1.0
0.11179775280898877,1.0
0.11186059584035975,1.0
0.11192350956130484,1.0
0.11198649409116489,1.0
0.11204954954954954,1.0
0.11211267605633803,1.0
0.11217587373167982,1.0
0.11223914269599548,1.0
0.11230248306997742,1.0
0.11236589497459062,1.0
0.11242937853107345,1.0
0.11249293386093838,1.0
0.11255656108597285,1.0
0.11262026032823995,1.0
0.11268403171007928,1.0
0.11274787535410764,1.0
0.11281179138321995,1.0
0.1128757799205899,1.0
0.11293984108967083,1.0
0.11300397501419648,1.0
0.11306818181818182,1.0
0.11313246162592382,1.0
0.11319681456200227,1.0
0.11326124075128059,1.0
0.1133257403189066,1.0
0.11339031339031339,1.0
0.11345496009122007,1.0
0.11351968054763263,1.0
0.11358447488584475,1.0
0.11364934323243861,1.0
0.11371428571428571,1.0
0.11377930245854774,1.0
0.11384439359267734,1.0
0.113909559244419,1.0
0.11397479954180985,1.0
0.11404011461318052,1.0
0.11410550458715596,1.0
0.11417096959265634,1.0
0.11423650975889782,1.0
0.11430212521539346,1.0
0.11436781609195402,1.0
0.1144335825186889,1.0
0.1144994246260069,1.0
0.11456534254461716,1.0
0.11463133640552996,1.0
0.11469740634005764,1.0
0.11476355247981546,1.0
0.11482977495672245,1.0
0.11489607390300231,1.0
0.11496244945118429,1.0
0.11502890173410404,1.0
0.11509543088490456,1.0
0.11516203703703703,1.0
0.11522872032426172,1.0
0.11529548088064889,1.0
0.11536231884057971,1.0
0.1154292343387471,1.0
0.1154962275101567,1.0
0.11556329849012775,1.0
0.11563044741429401,1.0
0.11569767441860465,1.0
0.1157649796393252,1.0
0.11583236321303841,1.0
0.11589982527664532,1.0
0.11596736596736597,1.0
0.11603498542274053,1.0
0.1161026837806301,1.0
0.11617046117921774,1.0
0.11623831775700935,1.0
0.1163062536528346,1.0
0.11637426900584795,1.0
0.11644236395552955,1.0
0.11651053864168619,1.0
0.11657879320445226,1.0
0.11664712778429073,1.0
0.11671554252199413,1.0
0.11678403755868545,1.0
0.11685261303581915,1.0
0.11692126909518213,1.0
0.11699000587889477,1.0
0.11705882352941177,1.0
0.11712772218952325,1.0
0.11719670200235571,1.0
0.11726576311137302,1.0
0.11733490566037735,1.0
0.11740412979351032,1.0
0.11747343565525384,1.0
0.11754282339043119,1.0
0.11761229314420804,1.0
0.11768184506209343,1.0
0.11775147928994083,1.0
0.11782119597394908,1.0
0.1178909952606635,1.0
0.11796087729697688,1.0
0.11803084223013048,1.0
0.11810089020771514,1.0
0.11817102137767221,1.0
0.11824123588829472,1.0
0.11831153388822829,1.0
0.11838191552647234,1.0
0.11845238095238095,1.0
0.11852293031566409,1.0
0.11859356376638856,1.0
0.11866428145497913,1.0
0.11873508353221957,1.0
0.11880597014925373,1.0
0.11887694145758662,1.0
0.11894799760908548,1.0
0.11901913875598086,1.0
0.11909036505086774,1.0
0.11916167664670659,1.0
0.11923307369682444,1.0
0.11930455635491606,1.0
0.11937612477504499,1.0
0.11944777911164466,1.0
0.11951951951951952,1.0
0.11959134615384616,1.0
0.11966325917017438,1.0
0.1197352587244284,1.0
0.11980734497290789,1.0
0.11987951807228915,1.0
0.11995177817962628,1.0
0.12002412545235223,1.0
0.12009656004828002,1.0
0.12016908212560387,1.0
0.1202416918429003,1.0
0.12031438935912939,1.0
0.12038717483363581,1.0
0.12046004842615012,1.0
0.12053301029678982,1.0
0.1206060606060606,1.0
0.12067919951485749,1.0
0.12075242718446602,1.0
0.12082574377656345,1.0
0.12089914945321993,1.0
0.1209726443768997,1.0
0.12104622871046229,1.0
0.12111990261716372,1.0
0.12119366626065774,1.0
0.12126751980499695,1.0
0.12134146341463414,1.0
0.12141549725442342,1.0
0.12148962148962149,1.0
0.12156383628588882,1.0
0.12163814180929096,1.0
0.1217125382262997,1.0
0.12178702570379436,1.0
0.12186160440906307,1.0
0.12193627450980392,1.0
0.1220110361741263,1.0
0.12208588957055215,1.0
0.12216083486801718,1.0
0.12223587223587223,1.0
0.12231100184388445,1.0
0.12238622386223862,1.0
0.12246153846153846,1.0
0.12253694581280788,1.0
0.1226124460874923,1.0
0.12268803945745993,1.0
0.12276372609500308,1.0
0.12283950617283951,1.0
0.12291537986411365,1.0
0.12299134734239803,1.0
0.12306740878169449,1.0
0.12314356435643564,1.0
0.12321981424148606,1.0
0.12329615861214374,1.0
0.12337259764414135,1.0
0.12344913151364764,1.0
0.12352576039726877,1.0
0.12360248447204969,1.0
0.12367930391547545,1.0
0.12375621890547264,1.0
0.1238332296204107,1.0
0.12391033623910336,1.0
0.12398753894080997,1.0
0.12406483790523691,1.0
0.12414223331253899,1.0
0.12421972534332085,1.0
0.12429731417863835,1.0
0.124375,1.0
0.12445278298936835,1.0
0.12453066332916145,1.0
0.12460864120225423,1.0
0.12468671679197994,1.0
0.12476489028213165,1.0
0.12484316185696362,1.0
0.12492153170119272,1.0
0.125,1.0
0.12507856693903205,1.0
0.12515723270440252,1.0
0.1252359974826935,1.0
0.1253148614609572,1.0
0.12539382482671707,1.0
0.12547288776796975,1.0
0.12555205047318613,1.0
0.12563131313131312,1.0
0.12571067593177512,1.0
0.12579013906447534,1.0
0.12586970271979758,1.0
0.1259493670886076,1.0
0.1260291323622546,1.0
0.12610899873257286,1.0
0.12618896639188332,1.0
0.12626903553299493,1.0
0.12634920634920635,1.0
0.12642947903430748,1.0
0.12650985378258106,1.0
0.12659033078880408,1.0
0.12667091024824953,1.0
0.1267515923566879,1.0
0.1268323773103888,1.0
0.12691326530612246,1.0
0.12699425654116145,1.0
0.12707535121328226,1.0
0.12715654952076677,1.0
0.1272378516624041,1.0
0.127319257837492,1.0
0.12740076824583868,1.0
0.12748238308776424,1.0
0.12756410256410255,1.0
0.1276459268762027,1.0
0.1277278562259307,1.0
0.12780989081567115,1.0
0.12789203084832904,1.0
0.12797427652733118,1.0
0.12805662805662807,1.0
0.12813908564069543,1.0
0.12822164948453607,1.0
0.1283043197936815,1.0
0.12838709677419355,1.0
0.12846998063266624,1.0
0.1285529715762274,1.0
0.1286360698125404,1.0
0.12871927554980594,1.0
0.12880258899676375,1.0
0.12888601036269431,1.0
0.1289695398574206,1.0
0.12905317769131,1.0
0.1291369240752758,1.0
0.1292207792207792,1.0
0.12930474333983105,1.0
0.1293888166449935,1.0
0.12947299934938192,1.0
0.12955729166666666,1.0
0.12964169381107493,1.0
0.12972620599739243,1.0
0.12981082844096542,1.0
0.12989556135770236,1.0
0.12998040496407576,1.0
0.1300653594771242,1.0
0.1301504251144539,1.0
0.13023560209424084,1.0
0.13032089063523247,1.0
0.13040629095674966,1.0
0.13049180327868853,1.0
0.13057742782152232,1.0
0.13066316480630336,1.0
0.1307490144546649,1.0
0.13083497698882315,1.0
0.13092105263157894,1.0
0.13100724160631994,1.0
0.1310935441370224,1.0
0.13117996044825314,1.0
0.1312664907651715,1.0
0.13135313531353135,1.0
0.13143989431968295,1.0
0.13152676801057503,1.0
0.13161375661375663,1.0
0.1317008603573792,1.0
0.1317880794701987,1.0
0.1318754141815772,1.0
0.1319628647214854,1.0
0.1320504313205043,1.0
0.13213811420982735,1.0
0.13222591362126246,1.0
0.13231382978723405,1.0
0.1324018629407851,1.0
0.13249001331557922,1.0
0.13257828114590273,1.0
0.13266666666666665,1.0
0.13275517011340893,1.0
0.1328437917222964,1.0
0.13293253173012692,1.0
0.13302139037433156,1.0
0.1331103678929766,1.0
0.13319946452476572,1.0
0.1332886805090422,1.0
0.1333780160857909,1.0
0.1334674714956405,1.0
0.13355704697986578,1.0
0.13364674278038952,1.0
0.13373655913978494,1.0
0.13382649630127774,1.0
0.13391655450874831,1.0
0.13400673400673402,1.0
0.13409703504043127,1.0
0.1341874578556979,1.0
0.13427800269905532,1.0
0.13436866981769074,1.0
0.13445945945945945,1.0
0.1345503718728871,1.0
0.13464140730717186,1.0
0.13473256601218686,1.0
0.1348238482384824,1.0
0.13491525423728815,1.0
0.1350067842605156,1.0
0.13509843856076034,1.0
0.13519021739130435,1.0
0.13528212100611828,1.0
0.13537414965986394,1.0
0.13546630360789652,1.0
0.13555858310626703,1.0
0.1356509884117246,1.0
0.13574351978171897,1.0
0.13583617747440274,1.0
0.1359289617486339,1.0
0.13602187286397813,1.0
0.13611491108071136,1.0
0.13620807665982204,1.0
0.1363013698630137,1.0
0.13639479095270735,1.0
0.1364883401920439,1.0
0.13658201784488674,1.0
0.13667582417582416,1.0
0.13676975945017184,1.0
0.13686382393397525,1.0
0.13695801789401238,1.0
0.13705234159779614,1.0
0.13714679531357685,1.0
0.13724137931034483,1.0
0.137336093857833,1.0
0.13743093922651933,1.0
0.1375259156876296,1.0
0.1376210235131397,1.0
0.13771626297577855,1.0
0.13781163434903046,1.0
0.1379071379071379,1.0
0.13800277392510402,1.0
0.13809854267869534,1.0
0.13819444444444445,1.0
0.13829047949965254,1.0
0.1383866481223922,1.0
0.13848295059151008,1.0
0.13788300835654596,0.9949748743718593
0.13797909407665504,0.9949748743718593
0.13807531380753138,0.9949748743718593
0.13817166782972784,0.9949748743718593
0.138268156424581,0.9949748743718593
0.13836477987421383,0.9949748743718593
0.13846153846153847,0.9949748743718593
0.13855843247025892,0.9949748743718593
0.13865546218487396,0.9949748743718593
0.13875262789067974,0.9949748743718593
0.1388499298737728,0.9949748743718593
0.13894736842105262,0.9949748743718593
0.13904494382022473,0.9949748743718593
0.13914265635980325,0.9949748743718593
0.13924050632911392,0.9949748743718593
0.13933849401829698,0.9949748743718593
0.13943661971830987,0.9949748743718593
0.13953488372093023,0.9949748743718593
0.13963328631875882,0.9949748743718593
0.1397318278052223,0.9949748743718593
0.13983050847457626,0.9949748743718593
0.13992932862190813,0.9949748743718593
0.14002828854314003,0.9949748743718593
0.14012738853503184,0.9949748743718593
0.14022662889518414,0.9949748743718593
0.1403260099220411,0.9949748743718593
0.14042553191489363,0.9949748743718593
0.14052519517388218,0.9949748743718593
0.140625,0.9949748743718593
0.14072494669509594,0.9949748743718593
0.14082503556187767,0.9949748743718593
0.1409252669039146,0.9949748743718593
0.14102564102564102,0.9949748743718593
0.14112615823235922,0.9949748743718593
0.14122681883024252,0.9949748743718593
0.14132762312633834,0.9949748743718593
0.14142857142857143,0.9949748743718593
0.14152966404574696,0.9949748743718593
0.14163090128755365,0.9949748743718593
0.14173228346456693,0.9949748743718593
0.14183381088825214,0.9949748743718593
0.14121863799283155,0.9899497487437185
0.14131994261119082,0.9899497487437185
0.1414213926776741,0.9899497487437185
0.14152298850574713,0.9899497487437185
0.14162473040977713,0.9899497487437185
0.14172661870503597,0.9899497487437185
0.1418286537077034,0.9899497487437185
0.1419308357348703,0.9899497487437185
0.14203316510454217,0.9899497487437185
0.14213564213564214,0.9899497487437185
0.14223826714801444,0.9899497487437185
0.14234104046242774,0.9899497487437185
0.14244396240057844,0.9899497487437185
0.14254703328509408,0.9899497487437185
0.14265025343953658,0.9899497487437185
0.1427536231884058,0.9899497487437185
0.14285714285714285,0.9899497487437185
0.14296081277213352,0.9899497487437185
0.1430646332607117,0.9899497487437185
0.1431686046511628,0.9899497487437185
0.14327272727272727,0.9899497487437185
0.1433770014556041,0.9899497487437185
0.1434814275309541,0.9899497487437185
0.14358600583090378,0.9899497487437185
0.1436907366885485,0.9899497487437185
0.1437956204379562,0.9899497487437185
0.14390065741417093,0.9899497487437185
0.1440058479532164,0.9899497487437185
0.1441111923920995,0.9899497487437185
0.14421669106881405,0.9899497487437185
0.1443223443223443,0.9899497487437185
0.14442815249266863,0.9899497487437185
0.144534115920763,0.9899497487437185
0.144640234948605,0.9899497487437185
0.14474650991917706,0.9899497487437185
0.1448529411764706,0.9899497487437185
0.14495952906548934,0.9899497487437185
0.14506627393225333,0.9899497487437185
0.1451731761238025,0.9899497487437185
0.14528023598820058,0.9899497487437185
0.14538745387453875,0.9899497487437185
0.14549483013293943,0.9899497487437185
0.14560236511456023,0.9899497487437185
0.14571005917159763,0.9899497487437185
0.14581791265729088,0.9899497487437185
0.14592592592592593,0.9899497487437185
0.14603409933283915,0.9899497487437185
0.14614243323442136,0.9899497487437185
0.14625092798812175,0.9899497487437185
0.14635958395245172,0.9899497487437185
0.14646840148698884,0.9899497487437185
0.14657738095238096,0.9899497487437185
0.14668652271034996,0.9899497487437185
0.146795827123696,0.9899497487437185
0.14690529455630127,0.9899497487437185
0.14701492537313432,0.9899497487437185
0.14712471994025392,0.9899497487437185
0.14723467862481315,0.9899497487437185
0.14734480179506357,0.9899497487437185
0.1474550898203593,0.9899497487437185
0.14756554307116104,0.9899497487437185
0.14767616191904048,0.9899497487437185
0.14778694673668416,0.9899497487437185
0.1478978978978979,0.9899497487437185
0.14800901577761083,0.9899497487437185
0.1481203007518797,0.9899497487437185
0.14823175319789314,0.9899497487437185
0.14834337349397592,0.9899497487437185
0.14845516201959308,0.9899497487437185
0.14856711915535445,0.9899497487437185
0.14867924528301887,0.9899497487437185
0.14803625377643503,0.9849246231155779
0.14814814814814814,0.9849246231155779
0.14826021180030258,0.9849246231155779
0.14837244511733536,0.9849246231155779
0.1484848484848485,0.9849246231155779
0.14783927217589082,0.9798994974874372
0.1479514415781487,0.9798994974874372
0.1480637813211845,0.9798994974874372
0.14817629179331307,0.9798994974874372
0.1482889733840304,0.9798994974874372
0.14840182648401826,0.9798994974874372
0.1485148514851485,0.9798994974874372
0.1486280487804878,0.9798994974874372
0.14874141876430205,0.9798994974874372
0.14885496183206107,0.9798994974874372
0.1489686783804431,0.9798994974874372
0.14908256880733944,0.9798994974874372
0.14919663351185922,0.9798994974874372
0.14931087289433384,0.9798994974874372
0.14942528735632185,0.9798994974874372
0.1495398773006135,0.9798994974874372
0.1496546431312356,0.9798994974874372
0.1497695852534562,0.9798994974874372
0.1498847040737894,0.9798994974874372
0.15,0.9798994974874372
0.14934565050038492,0.9748743718592965
0.14946070878274267,0.9748743718592965
0.14957594448727835,0.9748743718592965
0.14969135802469136,0.9748743718592965
0.1498069498069498,0.9748743718592965
0.14992272024729522,0.9748743718592965
0.1500386697602475,0.9748743718592965
0.15015479876160992,0.9748743718592965
0.15027110766847404,0.9748743718592965
0.15038759689922482,0.9748743718592965
0.15050426687354537,0.9748743718592965
0.15062111801242237,0.9748743718592965
0.15073815073815075,0.9748743718592965
0.15085536547433903,0.9748743718592965
0.1509727626459144,0.9748743718592965
0.15109034267912771,0.9748743718592965
0.15120810600155885,0.9748743718592965
0.15132605304212168,0.9748743718592965
0.15144418423106948,0.9748743718592965
0.1515625,0.9748743718592965
0.15168100078186084,0.9748743718592965
0.15179968701095461,0.9748743718592965
0.1519185591229444,0.9748743718592965
0.15203761755485892,0.9748743718592965
0.15215686274509804,0.9748743718592965
0.152276295133438,0.9748743718592965
0.15239591516103693,0.9748743718592965
0.15251572327044025,0.9748743718592965
0.15263571990558616,0.9748743718592965
0.15275590551181104,0.9748743718592965
0.152876280535855,0.9748743718592965
0.1529968454258675,0.9748743718592965
0.15311760063141278,0.9748743718592965
0.15323854660347552,0.9748743718592965
0.1533596837944664,0.9748743718592965
0.15348101265822786,0.9748743718592965
0.1536025336500396,0.9748743718592965
0.1537242472266244,0.9748743718592965
0.15384615384615385,0.9748743718592965
0.15396825396825398,0.9748743718592965
0.15409054805401112,0.9748743718592965
0.15421303656597773,0.9748743718592965
0.15433571996817821,0.9748743718592965
0.15445859872611464,0.9748743718592965
0.15458167330677292,0.9748743718592965
0.1547049441786284,0.9748743718592965
0.15482841181165202,0.9748743718592965
0.15495207667731628,0.9748743718592965
0.1550759392486011,0.9748743718592965
0.1552,0.9748743718592965
0.15532425940752603,0.9748743718592965
0.15544871794871795,0.9748743718592965
0.15557337610264635,0.9748743718592965
0.15569823434991975,0.9748743718592965
0.15582329317269075,0.9748743718592965
0.15594855305466238,0.9748743718592965
0.15607401448109412,0.9748743718592965
0.15619967793880837,0.9748743718592965
0.1563255439161966,0.9748743718592965
0.15645161290322582,0.9748743718592965
0.1565778853914447,0.9748743718592965
0.1567043618739903,0.9748743718592965
0.15683104284559418,0.9748743718592965
0.156957928802589,0.9748743718592965
0.15708502024291499,0.9748743718592965
0.15721231766612642,0.9748743718592965
0.1573398215733982,0.9748743718592965
0.15746753246753248,0.9748743718592965
0.15759545085296506,0.9748743718592965
0.15772357723577235,0.9748743718592965
0.15785191212367777,0.9748743718592965
0.15798045602605862,0.9748743718592965
0.15810920945395274,0.9748743718592965
0.15823817292006526,0.9748743718592965
0.15836734693877552,0.9748743718592965
0.15849673202614378,0.9748743718592965
0.15862632869991825,0.9748743718592965
0.15875613747954173,0.9748743718592965
0.1588861588861589,0.9748743718592965
0.15901639344262294,0.9748743718592965
0.15914684167350288,0.9748743718592965
0.1592775041050903,0.9748743718592965
0.15940838126540674,0.9748743718592965
0.15953947368421054,0.9748743718592965
0.15967078189300413,0.9748743718592965
0.15980230642504117,0.9748743718592965
0.15993404781533388,0.9748743718592965
0.16006600660066006,0.9748743718592965
0.16019818331957061,0.9748743718592965
0.16033057851239668,0.9748743718592965
0.16046319272125723,0.9748743718592965
0.1605960264900662,0.9748743718592965
0.16072908036454017,0.9748743718592965
0.16086235489220563,0.9748743718592965
0.16099585062240665,0.9748743718592965
0.1611295681063123,0.9748743718592965
0.16126350789692437,0.9748743718592965
0.16139767054908485,0.9748743718592965
0.16153205661948378,0.9748743718592965
0.16166666666666665,0.9748743718592965
0.16180150125104253,0.9748743718592965
0.16193656093489148,0.9748743718592965
0.1620718462823726,0.9748743718592965
0.16220735785953178,0.9748743718592965
0.16234309623430962,0.9748743718592965
0.1624790619765494,0.9748743718592965
0.16261525565800503,0.9748743718592965
0.16275167785234898,0.9748743718592965
0.16288832913518053,0.9748743718592965
0.16302521008403362,0.9748743718592965
0.1631623212783852,0.9748743718592965
0.1632996632996633,0.9748743718592965
0.16343723673125526,0.9748743718592965
0.163575042158516,0.9748743718592965
0.16371308016877636,0.9748743718592965
0.16385135135135134,0.9748743718592965
0.16398985629754861,0.9748743718592965
0.16412859560067683,0.9748743718592965
0.1642675698560542,0.9748743718592965
0.1635593220338983,0.9698492462311558
0.1636980491942324,0.9698492462311558
0.16383701188455008,0.9698492462311558
0.16397621070518267,0.9698492462311558
0.1641156462585034,0.9698492462311558
0.16425531914893618,0.9698492462311558
0.1643952299829642,0.9698492462311558
0.16453537936913895,0.9698492462311558
0.16467576791808874,0.9698492462311558
0.16481639624252775,0.9698492462311558
0.16495726495726495,0.9698492462311558
0.165098374679213,0.9698492462311558
0.16523972602739725,0.9698492462311558
0.16538131962296487,0.9698492462311558
0.16552315608919382,0.9698492462311558
0.1648068669527897,0.964824120603015
0.16494845360824742,0.964824120603015
0.1650902837489252,0.964824120603015
0.16523235800344235,0.964824120603015
0.165374677002584,0.964824120603015
0.16551724137931034,0.964824120603015
0.16566005176876616,0.964824120603015
0.16580310880829016,0.964824120603015
0.16594641313742436,0.964824120603015
0.1652249134948097,0.9597989949748744
0.16536796536796536,0.9597989949748744
0.1655112651646447,0.9597989949748744
0.16565481352992195,0.9597989949748744
0.1657986111111111,0.9597989949748744
0.16594265855777585,0.9597989949748744
0.16608695652173913,0.9597989949748744
0.16623150565709313,0.9597989949748744
0.16637630662020905,0.9597989949748744
0.16652136006974716,0.9597989949748744
0.16666666666666666,0.9597989949748744
0.16681222707423582,0.9597989949748744
0.16695804195804195,0.9597989949748744
0.16710411198600175,0.9597989949748744
0.1672504378283713,0.9597989949748744
0.16739702015775634,0.9597989949748744
0.1675438596491228,0.9597989949748744
0.16769095697980685,0.9597989949748744
0.1678383128295255,0.9597989949748744
0.167985927880387,0.9597989949748744
0.1681338028169014,0.9597989949748744
0.1682819383259912,0.9597989949748744
0.16843033509700175,0.9597989949748744
0.16857899382171226,0.9597989949748744
0.1687279151943463,0.9597989949748744
0.16887709991158267,0.9597989949748744
0.16902654867256636,0.9597989949748744
0.1691762621789194,0.9597989949748744
0.16932624113475178,0.9597989949748744
0.16947648624667258,0.9597989949748744
0.16962699822380106,0.9597989949748744
0.16977777777777778,0.9597989949748744
0.1699288256227758,0.9597989949748744
0.170080142475512,0.9597989949748744
0.17023172905525846,0.9597989949748744
0.1703835860838537,0.9597989949748744
0.1705357142857143,0.9597989949748744
0.17068811438784628,0.9597989949748744
0.1708407871198569,0.9597989949748744
0.170993733213966,0.9597989949748744
0.17114695340501793,0.9597989949748744
0.17130044843049327,0.9597989949748744
0.17145421903052063,0.9597989949748744
0.17160826594788858,0.9597989949748744
0.17176258992805754,0.9597989949748744
0.1719171917191719,0.9597989949748744
0.17207207207207206,0.9597989949748744
0.17222723174030657,0.9597989949748744
0.1723826714801444,0.9597989949748744
0.17253839205058719,0.9597989949748744
0.17269439421338156,0.9597989949748744
0.17285067873303167,0.9597989949748744
0.17300724637681159,0.9597989949748744
0.17316409791477788,0.9597989949748744
0.1733212341197822,0.9597989949748744
0.1734786557674841,0.9597989949748744
0.17363636363636364,0.9597989949748744
0.1737943585077343,0.9597989949748744
0.17395264116575593,0.9597989949748744
0.1741112123974476,0.9597989949748744
0.17427007299270073,0.9597989949748744
0.17442922374429223,0.9597989949748744
0.1745886654478976,0.9597989949748744
0.1747483989021043,0.9597989949748744
0.1749084249084249,0.9597989949748744
0.17506874427131072,0.9597989949748744
0.17522935779816515,0.9597989949748744
0.1753902662993572,0.9597989949748744
0.17555147058823528,0.9597989949748744
0.17571297148114076,0.9597989949748744
0.17587476979742173,0.9597989949748744
0.17603686635944701,0.9597989949748744
0.17619926199261993,0.9597989949748744
0.17636195752539244,0.9597989949748744
0.17652495378927913,0.9597989949748744
0.17668825161887142,0.9597989949748744
0.17685185185185184,0.9597989949748744
0.17701575532900835,0.9597989949748744
0.17717996289424862,0.9597989949748744
0.17734447539461468,0.9597989949748744
0.1775092936802974,0.9597989949748744
0.17767441860465116,0.9597989949748744
0.17783985102420857,0.9597989949748744
0.17800559179869524,0.9597989949748744
0.17817164179104478,0.9597989949748744
0.17833800186741364,0.9597989949748744
0.17850467289719626,0.9597989949748744
0.17867165575304023,0.9597989949748744
0.17883895131086142,0.9597989949748744
0.1790065604498594,0.9597989949748744
0.17917448405253283,0.9597989949748744
0.17934272300469484,0.9597989949748744
0.17951127819548873,0.9597989949748744
0.17968015051740358,0.9597989949748744
0.17984934086629,0.9597989949748744
0.18001885014137606,0.9597989949748744
0.180188679245283,0.9597989949748744
0.18035882908404155,0.9597989949748744
0.18052930056710775,0.9597989949748744
0.18070009460737937,0.9597989949748744
0.18087121212121213,0.9597989949748744
0.18104265402843603,0.9597989949748744
0.18121442125237192,0.9597989949748744
0.18138651471984804,0.9597989949748744
0.18155893536121673,0.9597989949748744
0.18173168411037108,0.9597989949748744
0.1819047619047619,0.9597989949748744
0.18207816968541468,0.9597989949748744
0.18225190839694658,0.9597989949748744
0.18242597898758356,0.9597989949748744
0.1826003824091778,0.9597989949748744
0.18277511961722487,0.9597989949748744
0.18295019157088122,0.9597989949748744
0.18312559923298177,0.9597989949748744
0.1833013435700576,0.9597989949748744
0.1834774255523535,0.9597989949748744
0.18365384615384617,0.9597989949748744
0.18383060635226178,0.9597989949748744
0.18400770712909442,0.9597989949748744
0.18418514946962392,0.9597989949748744
0.18436293436293436,0.9597989949748744
0.18454106280193236,0.9597989949748744
0.18471953578336556,0.9597989949748744
0.18489835430784124,0.9597989949748744
0.18507751937984496,0.9597989949748744
0.18525703200775945,0.9597989949748744
0.18543689320388348,0.9597989949748744
0.18561710398445092,0.9597989949748744
0.1857976653696498,0.9597989949748744
0.18597857838364168,0.9597989949748744
0.1861598440545809,0.9597989949748744
0.18634146341463415,0.9597989949748744
0.1865234375,0.9597989949748744
0.18670576735092864,0.9597989949748744
0.18688845401174167,0.9597989949748744
0.18707149853085211,0.9597989949748744
0.18725490196078431,0.9597989949748744
0.1874386653581943,0.9597989949748744
0.18762278978389,0.9597989949748744
0.18780727630285152,0.9597989949748744
0.18799212598425197,0.9597989949748744
0.18817733990147784,0.9597989949748744
0.1883629191321499,0.9597989949748744
0.1885488647581441,0.9597989949748744
0.18873517786561264,0.9597989949748744
0.18892185954500496,0.9597989949748744
0.1891089108910891,0.9597989949748744
0.18929633300297324,0.9597989949748744
0.18948412698412698,0.9597989949748744
0.18967229394240318,0.9597989949748744
0.18986083499005965,0.9597989949748744
0.1900497512437811,0.9597989949748744
0.1902390438247012,0.9597989949748744
0.19042871385842472,0.9597989949748744
0.1906187624750499,0.9597989949748744
0.19080919080919082,0.9597989949748744
0.191,0.9597989949748744
0.19119119119119118,0.9597989949748744
0.19138276553106212,0.9597989949748744
0.19157472417251756,0.9597989949748744
0.19176706827309237,0.9597989949748744
0.19195979899497487,0.9597989949748744
0.1921529175050302,0.9597989949748744
0.19234642497482377,0.9597989949748744
0.19254032258064516,0.9597989949748744
0.1917255297679112,0.9547738693467337
0.1919191919191919,0.9547738693467337
0.19211324570273003,0.9547738693467337
0.19230769230769232,0.9547738693467337
0.19250253292806485,0.9547738693467337
0.1926977687626775,0.9547738693467337
0.19289340101522842,0.9547738693467337
0.19308943089430894,0.9547738693467337
0.19328585961342828,0.9547738693467337
0.1934826883910387,0.9547738693467337
0.19367991845056065,0.9547738693467337
0.19387755102040816,0.9547738693467337
0.1940755873340143,0.9547738693467337
0.19427402862985685,0.9547738693467337
0.19447287615148415,0.9547738693467337
0.19467213114754098,0.9547738693467337
0.19487179487179487,0.9547738693467337
0.19507186858316222,0.9547738693467337
0.19527235354573483,0.9547738693467337
0.19547325102880658,0.9547738693467337
0.1956745623069001,0.9547738693467337
0.1958762886597938,0.9547738693467337
0.19607843137254902,0.9547738693467337
0.1962809917355372,0.9547738693467337
0.19648397104446744,0.9547738693467337
0.19668737060041408,0.9547738693467337
0.19689119170984457,0.9547738693467337
0.1970954356846473,0.9547738693467337
0.19730010384215993,0.9547738693467337
0.19750519750519752,0.9547738693467337
0.19771071800208118,0.9547738693467337
0.19791666666666666,0.9547738693467337
0.1981230448383733,0.9547738693467337
0.19832985386221294,0.9547738693467337
0.19853709508881923,0.9547738693467337
0.19874476987447698,0.9547738693467337
0.19895287958115182,0.9547738693467337
0.19916142557651992,0.9547738693467337
0.1993704092339979,0.9547738693467337
0.19957983193277312,0.9547738693467337
0.19978969505783387,0.9547738693467337
0.2,0.9547738693467337
0.20021074815595363,0.9547738693467337
0.20042194092827004,0.9547738693467337
0.2006335797254488,0.9547738693467337
0.20084566596194503,0.9547738693467337
0.20105820105820105,0.9547738693467337
0.20127118644067796,0.9547738693467337
0.2014846235418876,0.9547738693467337
0.20169851380042464,0.9547738693467337
0.20191285866099895,0.9547738693467337
0.20106382978723406,0.949748743718593
0.2012779552715655,0.949748743718593
0.20149253731343283,0.949748743718593
0.2017075773745998,0.949748743718593
0.20192307692307693,0.949748743718593
0.2021390374331551,0.949748743718593
0.20235546038543897,0.949748743718593
0.20257234726688103,0.949748743718593
0.20278969957081544,0.949748743718593
0.20300751879699247,0.949748743718593
0.2032258064516129,0.949748743718593
0.20344456404736275,0.949748743718593
0.2036637931034483,0.949748743718593
0.20388349514563106,0.949748743718593
0.2041036717062635,0.949748743718593
0.20432432432432432,0.949748743718593
0.20454545454545456,0.949748743718593
0.2047670639219935,0.949748743718593
0.20498915401301518,0.949748743718593
0.20521172638436483,0.949748743718593
0.20543478260869566,0.949748743718593
0.20565832426550598,0.949748743718593
0.20588235294117646,0.949748743718593
0.20610687022900764,0.949748743718593
0.20633187772925765,0.949748743718593
0.20655737704918034,0.949748743718593
0.20678336980306344,0.949748743718593
0.20700985761226726,0.949748743718593
0.20723684210526316,0.949748743718593
0.2074643249176729,0.949748743718593
0.2076923076923077,0.949748743718593
0.2079207920792079,0.949748743718593
0.20814977973568283,0.949748743718593
0.20837927232635062,0.949748743718593
0.20860927152317882,0.949748743718593
0.20883977900552486,0.949748743718593
0.20907079646017698,0.949748743718593
0.20930232558139536,0.949748743718593
0.20953436807095344,0.949748743718593
0.2097669256381798,0.949748743718593
0.21,0.949748743718593
0.21023359288097887,0.949748743718593
0.21046770601336304,0.949748743718593
0.21070234113712374,0.949748743718593
0.2109375,0.949748743718593
0.2111731843575419,0.949748743718593
0.21140939597315436,0.949748743718593
0.2116461366181411,0.949748743718593
0.21188340807174888,0.949748743718593
0.21212121212121213,0.949748743718593
0.21235955056179776,0.949748743718593
0.2125984251968504,0.949748743718593
0.21283783783783783,0.949748743718593
0.21307779030439683,0.949748743718593
0.21331828442437922,0.949748743718593
0.2135593220338983,0.949748743718593
0.21380090497737556,0.949748743718593
0.21404303510758776,0.949748743718593
0.21428571428571427,0.949748743718593
0.21452894438138478,0.949748743718593
0.21477272727272728,0.949748743718593
0.2150170648464164,0.949748743718593
0.2152619589977221,0.949748743718593
0.21550741163055873,0.949748743718593
0.21575342465753425,0.949748743718593
0.216,0.949748743718593
0.21624713958810068,0.949748743718593
0.21649484536082475,0.949748743718593
0.21674311926605505,0.949748743718593
0.21699196326061998,0.949748743718593
0.21724137931034482,0.949748743718593
0.21749136939010358,0.949748743718593
0.21774193548387097,0.949748743718593
0.21683967704728951,0.9447236180904522
0.21709006928406466,0.9447236180904522
0.2161849710982659,0.9396984924623115
0.21643518518518517,0.9396984924623115
0.21668597914252608,0.9396984924623115
0.21693735498839908,0.9396984924623115
0.21718931475029035,0.9396984924623115
0.21744186046511627,0.9396984924623115
0.21769499417927823,0.9396984924623115
0.21794871794871795,0.9396984924623115
0.21820303383897316,0.9396984924623115
0.21845794392523366,0.9396984924623115
0.21871345029239767,0.9396984924623115
0.2189695550351288,0.9396984924623115
0.21922626025791325,0.9396984924623115
0.21948356807511737,0.9396984924623115
0.21974148061104584,0.9396984924623115
0.22,0.9396984924623115
0.22025912838633688,0.9396984924623115
0.2205188679245283,0.9396984924623115
0.22077922077922077,0.9396984924623115
0.22104018912529552,0.9396984924623115
0.22130177514792898,0.9396984924623115
0.22037914691943128,0.9346733668341709
0.2206405693950178,0.9346733668341709
0.2209026128266033,0.9346733668341709
0.2211652794292509,0.9346733668341709
0.22142857142857142,0.9346733668341709
0.22169249106078665,0.9346733668341709
0.22195704057279236,0.9346733668341709
0.2222222222222222,0.9346733668341709
0.22248803827751196,0.9346733668341709
0.22275449101796407,0.9346733668341709
0.22302158273381295,0.9346733668341709
0.22328931572629052,0.9346733668341709
0.22355769230769232,0.9346733668341709
0.22382671480144403,0.9346733668341709
0.22409638554216868,0.9346733668341709
0.2243667068757539,0.9346733668341709
0.2246376811594203,0.9346733668341709
0.2249093107617896,0.9346733668341709
0.22518159806295399,0.9346733668341709
0.22545454545454546,0.9346733668341709
0.22572815533980584,0.9346733668341709
0.22600243013365734,0.9346733668341709
0.22627737226277372,0.9346733668341709
0.22655298416565164,0.9346733668341709
0.22682926829268293,0.9346733668341709
0.2271062271062271,0.9346733668341709
0.2273838630806846,0.9346733668341709
0.22766217870257038,0.9346733668341709
0.22794117647058823,0.9346733668341709
0.2282208588957055,0.9346733668341709
0.2285012285012285,0.9346733668341709
0.22878228782287824,0.9346733668341709
0.229064039408867,0.9346733668341709
0.22934648581997533,0.9346733668341709
0.22962962962962963,0.9346733668341709
0.22991347342398022,0.9346733668341709
0.2301980198019802,0.9346733668341709
0.23048327137546468,0.9346733668341709
0.23076923076923078,0.9346733668341709
0.231055900621118,0.9346733668341709
0.23134328358208955,0.9346733668341709
0.23163138231631383,0.9346733668341709
0.23067331670822944,0.9296482412060302
0.23096129837702872,0.9296482412060302
0.23125,0.9296482412060302
0.23153942428035043,0.9296482412060302
0.23182957393483708,0.9296482412060302
0.23212045169385195,0.9296482412060302
0.23241206030150754,0.9296482412060302
0.23270440251572327,0.9296482412060302
0.23299748110831234,0.9296482412060302
0.23329129886506936,0.9296482412060302
0.2335858585858586,0.9296482412060302
0.23388116308470291,0.9296482412060302
0.23417721518987342,0.9296482412060302
0.23447401774397972,0.9296482412060302
0.23477157360406092,0.9296482412060302
0.23506988564167725,0.9296482412060302
0.23536895674300254,0.9296482412060302
0.2356687898089172,0.9296482412060302
0.23596938775510204,0.9296482412060302
0.23627075351213284,0.9296482412060302
0.23657289002557544,0.9296482412060302
0.23687580025608196,0.9296482412060302
0.23717948717948717,0.9296482412060302
0.2374839537869063,0.9296482412060302
0.2377892030848329,0.9296482412060302
0.23809523809523808,0.9296482412060302
0.23840206185567012,0.9296482412060302
0.23870967741935484,0.9296482412060302
0.23901808785529716,0.9296482412060302
0.23932729624838292,0.9296482412060302
0.23963730569948186,0.9296482412060302
0.23865110246433205,0.9246231155778895
0.23896103896103896,0.9246231155778895
0.23927178153446033,0.9246231155778895
0.23958333333333334,0.9246231155778895
0.23989569752281617,0.9246231155778895
0.2402088772845953,0.9246231155778895
0.24052287581699347,0.9246231155778895
0.24083769633507854,0.9246231155778895
0.24115334207077327,0.9246231155778895
0.24146981627296588,0.9246231155778895
0.240473061760841,0.9195979899497487
0.24078947368421053,0.9195979899497487
0.24110671936758893,0.9195979899497487
0.24142480211081793,0.9195979899497487
0.24174372523117568,0.9195979899497487
0.24206349206349206,0.9195979899497487
0.2423841059602649,0.9195979899497487
0.2427055702917772,0.9195979899497487
0.24302788844621515,0.9195979899497487
0.24335106382978725,0.9195979899497487
0.2436750998668442,0.9195979899497487
0.244,0.9195979899497487
0.24432576769025366,0.9195979899497487
0.2446524064171123,0.9195979899497487
0.24497991967871485,0.9195979899497487
0.2453083109919571,0.9195979899497487
0.24563758389261744,0.9195979899497487
0.24596774193548387,0.9195979899497487
0.24629878869448182,0.9195979899497487
0.24663072776280323,0.9195979899497487
0.24696356275303644,0.9195979899497487
0.24594594594594596,0.914572864321608
0.2462787550744249,0.914572864321608
0.24661246612466126,0.914572864321608
0.24694708276797828,0.914572864321608
0.24728260869565216,0.914572864321608
0.24625850340136055,0.9095477386934674
0.24659400544959129,0.9095477386934674
0.24693042291950887,0.9095477386934674
0.24726775956284153,0.9095477386934674
0.2476060191518468,0.9095477386934674
0.24794520547945206,0.9095477386934674
0.24828532235939643,0.9095477386934674
0.24862637362637363,0.9095477386934674
0.24896836313617607,0.9095477386934674
0.2493112947658402,0.9095477386934674
0.2496551724137931,0.9095477386934674
0.25,0.9095477386934674
0.2503457814661134,0.9095477386934674
0.25069252077562326,0.9095477386934674
0.24965325936199723,0.9045226130653267
0.24861111111111112,0.8994974874371859
0.24895688456189152,0.8994974874371859
0.24930362116991645,0.8994974874371859
0.2496513249651325,0.8994974874371859
0.25,0.8994974874371859
0.25034965034965034,0.8994974874371859
0.2507002801120448,0.8994974874371859
0.25105189340813466,0.8994974874371859
0.25140449438202245,0.8994974874371859
0.2517580872011252,0.8994974874371859
0.252112676056338,0.8994974874371859
0.2524682651622003,0.8994974874371859
0.2528248587570621,0.8994974874371859
0.2531824611032532,0.8994974874371859
0.2535410764872521,0.8994974874371859
0.25390070921985813,0.8994974874371859
0.25426136363636365,0.8994974874371859
0.2546230440967283,0.8994974874371859
0.254985754985755,0.8994974874371859
0.2553495007132668,0.8994974874371859
0.2557142857142857,0.8994974874371859
0.25608011444921314,0.8994974874371859
0.25644699140401145,0.8994974874371859
0.2568149210903874,0.8994974874371859
0.257183908045977,0.8994974874371859
0.25755395683453236,0.8994974874371859
0.2579250720461095,0.8994974874371859
0.2582972582972583,0.8994974874371859
0.2586705202312139,0.8994974874371859
0.2590448625180897,0.8994974874371859
0.2594202898550725,0.8994974874371859
0.2597968069666183,0.8994974874371859
0.2601744186046512,0.8994974874371859
0.26055312954876275,0.8994974874371859
0.260932944606414,0.8994974874371859
0.2613138686131387,0.8994974874371859
0.26169590643274854,0.8994974874371859
0.26207906295754024,0.8994974874371859
0.2624633431085044,0.8994974874371859
0.26284875183553597,0.8994974874371859
0.26323529411764707,0.8994974874371859
0.26362297496318116,0.8994974874371859
0.2640117994100295,0.8994974874371859
0.26440177252584934,0.8994974874371859
0.26479289940828404,0.8994974874371859
0.2651851851851852,0.8994974874371859
0.2655786350148368,0.8994974874371859
0.2659732540861813,0.8994974874371859
0.2663690476190476,0.8994974874371859
0.2667660208643815,0.8994974874371859
0.2671641791044776,0.8994974874371859
0.26756352765321373,0.8994974874371859
0.2679640718562874,0.8994974874371859
0.2683658170914543,0.8994974874371859
0.26876876876876876,0.8994974874371859
0.26917293233082706,0.8994974874371859
0.26957831325301207,0.8994974874371859
0.2684766214177979,0.8944723618090452
0.2688821752265861,0.8944723618090452
0.2692889561270802,0.8944723618090452
0.2696969696969697,0.8944723618090452
0.2701062215477997,0.8944723618090452
0.270516717325228,0.8944723618090452
0.2709284627092846,0.8944723618090452
0.2698170731707317,0.8894472361809045
0.27022900763358776,0.8894472361809045
0.2706422018348624,0.8894472361809045
0.27105666156202146,0.8894472361809045
0.2714723926380368,0.8894472361809045
0.271889400921659,0.8894472361809045
0.2723076923076923,0.8894472361809045
0.2727272727272727,0.8894472361809045
0.2716049382716049,0.8844221105527639
0.27202472952086554,0.8844221105527639
0.2724458204334365,0.8844221105527639
0.27286821705426356,0.8844221105527639
0.2732919254658385,0.8844221105527639
0.2737169517884914,0.8844221105527639
0.27414330218068533,0.8844221105527639
0.2745709828393136,0.8844221105527639
0.275,0.8844221105527639
0.27543035993740217,0.8844221105527639
0.27586206896551724,0.8844221105527639
0.27629513343799056,0.8844221105527639
0.27672955974842767,0.8844221105527639
0.27716535433070866,0.8844221105527639
0.277602523659306,0.8844221105527639
0.27804107424960506,0.8844221105527639
0.27848101265822783,0.8844221105527639
0.27892234548335976,0.8844221105527639
0.27936507936507937,0.8844221105527639
0.27821939586645467,0.8793969849246231
0.2786624203821656,0.8793969849246231
0.27910685805422647,0.8793969849246231
0.2795527156549521,0.8793969849246231
0.28,0.8793969849246231
0.27884615384615385,0.8743718592964824
0.27929373996789725,0.8743718592964824
0.2797427652733119,0.8743718592964824
0.28019323671497587,0.8743718592964824
0.2806451612903226,0.8743718592964824
0.28109854604200324,0.8743718592964824
0.2815533980582524,0.8743718592964824
0.2820097244732577,0.8743718592964824
0.2824675324675325,0.8743718592964824
0.2813008130081301,0.8693467336683417
0.28175895765472314,0.8693467336683417
0.2822185970636215,0.8693467336683417
0.2826797385620915,0.8693467336683417
0.28314238952536824,0.8693467336683417
0.2836065573770492,0.8693467336683417
0.28407224958949095,0.8693467336683417
0.2845394736842105,0.8693467336683417
0.28500823723228996,0.8693467336683417
0.2854785478547855,0.8693467336683417
0.2859504132231405,0.8693467336683417
0.28642384105960267,0.8693467336683417
0.28689883913764513,0.8693467336683417
0.287375415282392,0.8693467336683417
0.2878535773710483,0.8693467336683417
0.28833333333333333,0.8693467336683417
0.2888146911519199,0.8693467336683417
0.28929765886287623,0.8693467336683417
0.288107202680067,0.864321608040201
0.28691275167785235,0.8592964824120602
0.28739495798319326,0.8592964824120602
0.2878787878787879,0.8592964824120602
0.28836424957841483,0.8592964824120602
0.28885135135135137,0.8592964824120602
0.2893401015228426,0.8592964824120602
0.28983050847457625,0.8592964824120602
0.2903225806451613,0.8592964824120602
0.29081632653061223,0.8592964824120602
0.29131175468483816,0.8592964824120602
0.29180887372013653,0.8592964824120602
0.2923076923076923,0.8592964824120602
0.2928082191780822,0.8592964824120602
0.2933104631217839,0.8592964824120602
0.29381443298969073,0.8592964824120602
0.2943201376936317,0.8592964824120602
0.29482758620689653,0.8592964824120602
0.29533678756476683,0.8592964824120602
0.2958477508650519,0.8592964824120602
0.29636048526863085,0.8592964824120602
0.296875,0.8592964824120602
0.29739130434782607,0.8592964824120602
0.2979094076655052,0.8592964824120602
0.29842931937172773,0.8592964824120602
0.29895104895104896,0.8592964824120602
0.29947460595446584,0.8592964824120602
0.3,0.8592964824120602
0.29876977152899825,0.8542713567839196
0.2992957746478873,0.8542713567839196
0.2998236331569665,0.8542713567839196
0.29858657243816256,0.8492462311557789
0.2991150442477876,0.8492462311557789
0.299645390070922,0.8492462311557789
0.30017761989342806,0.8492462311557789
0.30071174377224197,0.8492462311557789
0.30124777183600715,0.8492462311557789
0.30178571428571427,0.8492462311557789
0.3023255813953488,0.8492462311557789
0.30286738351254483,0.8492462311557789
0.30341113105924594,0.8492462311557789
0.3039568345323741,0.8492462311557789
0.3045045045045045,0.8492462311557789
0.30505415162454874,0.8492462311557789
0.30560578661844484,0.8492462311557789
0.3061594202898551,0.8492462311557789
0.30671506352087113,0.8492462311557789
0.3054545454545455,0.8442211055276382
0.30601092896174864,0.8442211055276382
0.30656934306569344,0.8442211055276382
0.3071297989031079,0.8442211055276382
0.3076923076923077,0.8442211055276382
0.30825688073394497,0.8442211055276382
0.3088235294117647,0.8442211055276382
0.30939226519337015,0.8442211055276382
0.30996309963099633,0.8442211055276382
0.31053604436229204,0.8442211055276382
0.3111111111111111,0.8442211055276382
0.3116883116883117,0.8442211055276382
0.31226765799256506,0.8442211055276382
0.3128491620111732,0.8442211055276382
0.31343283582089554,0.8442211055276382
0.31401869158878504,0.8442211055276382
0.3146067415730337,0.8442211055276382
0.3133208255159475,0.8391959798994975
0.31390977443609025,0.8391959798994975
0.3145009416195857,0.8391959798994975
0.3150943396226415,0.8391959798994975
0.31568998109640833,0.8391959798994975
0.3162878787878788,0.8391959798994975
0.31688804554079697,0.8391959798994975
0.31749049429657794,0.8391959798994975
0.3180952380952381,0.8391959798994975
0.3187022900763359,0.8391959798994975
0.3193116634799235,0.8391959798994975
0.31992337164750956,0.8391959798994975
0.32053742802303264,0.8391959798994975
0.3211538461538462,0.8391959798994975
0.3217726396917148,0.8391959798994975
0.3204633204633205,0.8341708542713567
0.32108317214700194,0.8341708542713567
0.32170542635658916,0.8341708542713567
0.32233009708737864,0.8341708542713567
0.321011673151751,0.8291457286432161
0.31968810916179335,0.8241206030150754
0.3203125,0.8241206030150754
0.32093933463796476,0.8241206030150754
0.3196078431372549,0.8190954773869347
0.3182711198428291,0.8140703517587939
0.3188976377952756,0.8140703517587939
0.31952662721893493,0.8140703517587939
0.3201581027667984,0.8140703517587939
0.3207920792079208,0.8140703517587939
0.32142857142857145,0.8140703517587939
0.3220675944333996,0.8140703517587939
0.32270916334661354,0.8140703517587939
0.32335329341317365,0.8140703517587939
0.324,0.8140703517587939
0.3246492985971944,0.8140703517587939
0.3253012048192771,0.8140703517587939
0.32595573440643866,0.8140703517587939
0.32661290322580644,0.8140703517587939
0.32727272727272727,0.8140703517587939
0.32793522267206476,0.8140703517587939
0.3286004056795132,0.8140703517587939
0.32926829268292684,0.8140703517587939
0.329938900203666,0.8140703517587939
0.3306122448979592,0.8140703517587939
0.3312883435582822,0.8140703517587939
0.3319672131147541,0.8140703517587939
0.3326488706365503,0.8140703517587939
0.3333333333333333,0.8140703517587939
0.334020618556701,0.8140703517587939
0.3347107438016529,0.8140703517587939
0.33540372670807456,0.8140703517587939
0.3360995850622407,0.8140703517587939
0.3367983367983368,0.8140703517587939
0.3375,0.8140703517587939
0.33820459290187893,0.8140703517587939
0.3389121338912134,0.8140703517587939
0.33962264150943394,0.8140703517587939
0.3403361344537815,0.8140703517587939
0.3410526315789474,0.8140703517587939
0.34177215189873417,0.8140703517587939
0.34249471458773784,0.8140703517587939
0.3411016949152542,0.8090452261306532
0.33970276008492567,0.8040201005025126
0.3404255319148936,0.8040201005025126
0.3411513859275053,0.8040201005025126
0.3418803418803419,0.8040201005025126
0.3426124197002141,0.8040201005025126
0.34120171673819744,0.7989949748743719
0.3419354838709677,0.7989949748743719
0.3426724137931034,0.7989949748743719
0.3434125269978402,0.7989949748743719
0.34415584415584416,0.7989949748743719
0.34490238611713664,0.7989949748743719
0.3456521739130435,0.7989949748743719
0.3464052287581699,0.7989949748743719
0.3471615720524017,0.7989949748743719
0.3479212253829322,0.7989949748743719
0.34868421052631576,0.7989949748743719
0.34945054945054943,0.7989949748743719
0.3502202643171806,0.7989949748743719
0.3509933774834437,0.7989949748743719
0.35176991150442477,0.7989949748743719
0.352549889135255,0.7989949748743719
0.35333333333333333,0.7989949748743719
0.35412026726057905,0.7989949748743719
0.3549107142857143,0.7989949748743719
0.35570469798657717,0.7989949748743719
0.3542600896860987,0.7939698492462312
0.3550561797752809,0.7939698492462312
0.35585585585585583,0.7939698492462312
0.35665914221218964,0.7939698492462312
0.3574660633484163,0.7939698492462312
0.35827664399092973,0.7939698492462312
0.35909090909090907,0.7939698492462312
0.35990888382687924,0.7939698492462312
0.3584474885844749,0.7889447236180904
0.35926773455377575,0.7889447236180904
0.36009174311926606,0.7889447236180904
0.36091954022988504,0.7889447236180904
0.3617511520737327,0.7889447236180904
0.3625866050808314,0.7889447236180904
0.36342592592592593,0.7889447236180904
0.3642691415313225,0.7889447236180904
0.36511627906976746,0.7889447236180904
0.36596736596736595,0.7889447236180904
0.36682242990654207,0.7889447236180904
0.36768149882903983,0.7889447236180904
0.3685446009389671,0.7889447236180904
0.36941176470588233,0.7889447236180904
0.37028301886792453,0.7889447236180904
0.37115839243498816,0.7889447236180904
0.37203791469194314,0.7889447236180904
0.37292161520190026,0.7889447236180904
0.3738095238095238,0.7889447236180904
0.3747016706443914,0.7889447236180904
0.37559808612440193,0.7889447236180904
0.3764988009592326,0.7889447236180904
0.37740384615384615,0.7889447236180904
0.3783132530120482,0.7889447236180904
0.37922705314009664,0.7889447236180904
0.3801452784503632,0.7889447236180904
0.38106796116504854,0.7889447236180904
0.3819951338199513,0.7889447236180904
0.3829268292682927,0.7889447236180904
0.38386308068459657,0.7889447236180904
0.38480392156862747,0.7889447236180904
0.3857493857493858,0.7889447236180904
0.3866995073891626,0.7889447236180904
0.38765432098765434,0.7889447236180904
0.38613861386138615,0.7839195979899497
0.3870967741935484,0.7839195979899497
0.3880597014925373,0.7839195979899497
0.38902743142144636,0.7839195979899497
0.39,0.7839195979899497
0.39097744360902253,0.7839195979899497
0.39195979899497485,0.7839195979899497
0.3904282115869018,0.7788944723618091
0.39141414141414144,0.7788944723618091
0.3924050632911392,0.7788944723618091
0.3934010152284264,0.7788944723618091
0.3944020356234097,0.7788944723618091
0.39285714285714285,0.7738693467336684
0.3938618925831202,0.7738693467336684
0.39487179487179486,0.7738693467336684
0.39588688946015427,0.7738693467336684
0.39690721649484534,0.7738693467336684
0.3979328165374677,0.7738693467336684
0.39896373056994816,0.7738693467336684
0.4,0.7738693467336684
0.4010416666666667,0.7738693467336684
0.402088772845953,0.7738693467336684
0.4031413612565445,0.7738693467336684
0.4041994750656168,0.7738693467336684
0.4052631578947368,0.7738693467336684
0.40633245382585753,0.7738693467336684
0.40476190476190477,0.7688442211055276
0.40583554376657827,0.7688442211055276
0.40691489361702127,0.7688442211055276
0.4053333333333333,0.7638190954773869
0.40641711229946526,0.7638190954773869
0.4075067024128686,0.7638190954773869
0.40860215053763443,0.7638190954773869
0.40970350404312667,0.7638190954773869
0.41081081081081083,0.7638190954773869
0.41192411924119243,0.7638190954773869
0.41304347826086957,0.7638190954773869
0.4141689373297003,0.7638190954773869
0.41530054644808745,0.7638190954773869
0.41643835616438357,0.7638190954773869
0.4175824175824176,0.7638190954773869
0.418732782369146,0.7638190954773869
0.4198895027624309,0.7638190954773869
0.42105263157894735,0.7638190954773869
0.4222222222222222,0.7638190954773869
0.4233983286908078,0.7638190954773869
0.42178770949720673,0.7587939698492462
0.42296918767507,0.7587939698492462
0.42134831460674155,0.7537688442211056
0.4225352112676056,0.7537688442211056
0.423728813559322,0.7537688442211056
0.42492917847025496,0.7537688442211056
0.42329545454545453,0.7487437185929648
0.42450142450142453,0.7487437185929648
0.4228571428571429,0.7437185929648241
0.42406876790830944,0.7437185929648241
0.4224137931034483,0.7386934673366834
0.4207492795389049,0.7336683417085427
0.42196531791907516,0.7336683417085427
0.42318840579710143,0.7336683417085427
0.42441860465116277,0.7336683417085427
0.42565597667638483,0.7336683417085427
0.4269005847953216,0.7336683417085427
0.4281524926686217,0.7336683417085427
0.4294117647058823,0.7336683417085427
0.4277286135693215,0.7286432160804021
0.4289940828402367,0.7286432160804021
0.43026706231454004,0.7286432160804021
0.43154761904761907,0.7286432160804021
0.43283582089552236,0.7286432160804021
0.4341317365269461,0.7286432160804021
0.43243243243243246,0.7236180904522613
0.43373493975903615,0.7236180904522613
0.4350453172205438,0.7236180904522613
0.43636363636363634,0.7236180904522613
0.4376899696048632,0.7236180904522613
0.43597560975609756,0.7185929648241206
0.43425076452599387,0.7135678391959799
0.43558282208588955,0.7135678391959799
0.4369230769230769,0.7135678391959799
0.4351851851851852,0.7085427135678392
0.43653250773993807,0.7085427135678392
0.43478260869565216,0.7035175879396985
0.43613707165109034,0.7035175879396985
0.4375,0.7035175879396985
0.438871473354232,0.7035175879396985
0.44025157232704404,0.7035175879396985
0.4416403785488959,0.7035175879396985
0.4430379746835443,0.7035175879396985
0.4444444444444444,0.7035175879396985
0.445859872611465,0.7035175879396985
0.4472843450479233,0.7035175879396985
0.44871794871794873,0.7035175879396985
0.45016077170418006,0.7035175879396985
0.4483870967741935,0.6984924623115578
0.44660194174757284,0.6934673366834171
0.44805194805194803,0.6934673366834171
0.4495114006514658,0.6934673366834171
0.45098039215686275,0.6934673366834171
0.4524590163934426,0.6934673366834171
0.45394736842105265,0.6934673366834171
0.45544554455445546,0.6934673366834171
0.45695364238410596,0.6934673366834171
0.4584717607973422,0.6934673366834171
0.45666666666666667,0.6884422110552764
0.45819397993311034,0.6884422110552764
0.4597315436241611,0.6884422110552764
0.4612794612794613,0.6884422110552764
0.46283783783783783,0.6884422110552764
0.46440677966101696,0.6884422110552764
0.46258503401360546,0.6834170854271356
0.4641638225255973,0.6834170854271356
0.4657534246575342,0.6834170854271356
0.4639175257731959,0.678391959798995
0.46551724137931033,0.678391959798995
0.4671280276816609,0.678391959798995
0.46875,0.678391959798995
0.47038327526132406,0.678391959798995
0.47202797202797203,0.678391959798995
0.47017543859649125,0.6733668341708543
0.47183098591549294,0.6733668341708543
0.4734982332155477,0.6733668341708543
0.475177304964539,0.6733668341708543
0.47686832740213525,0.6733668341708543
0.4785714285714286,0.6733668341708543
0.4767025089605735,0.6683417085427136
0.4784172661870504,0.6683417085427136
0.48014440433212996,0.6683417085427136
0.48188405797101447,0.6683417085427136
0.48363636363636364,0.6683417085427136
0.4854014598540146,0.6683417085427136
0.4835164835164835,0.6633165829145728
0.4852941176470588,0.6633165829145728
0.4870848708487085,0.6633165829145728
0.4888888888888889,0.6633165829145728
0.49070631970260226,0.6633165829145728
0.4925373134328358,0.6633165829145728
0.49063670411985016,0.6582914572864321
0.48872180451127817,0.6532663316582915
0.49056603773584906,0.6532663316582915
0.49242424242424243,0.6532663316582915
0.49429657794676807,0.6532663316582915
0.49236641221374045,0.6482412060301508
0.4942528735632184,0.6482412060301508
0.49615384615384617,0.6482412060301508
0.4942084942084942,0.6432160804020101
0.49612403100775193,0.6432160804020101
0.4980544747081712,0.6432160804020101
0.5,0.6432160804020101
0.5019607843137255,0.6432160804020101
0.5039370078740157,0.6432160804020101
0.5059288537549407,0.6432160804020101
0.5079365079365079,0.6432160804020101
0.5099601593625498,0.6432160804020101
0.512,0.6432160804020101
0.5140562248995983,0.6432160804020101
0.5161290322580645,0.6432160804020101
0.5182186234817814,0.6432160804020101
0.516260162601626,0.6381909547738693
0.5183673469387755,0.6381909547738693
0.5204918032786885,0.6381909547738693
0.522633744855967,0.6381909547738693
0.5247933884297521,0.6381909547738693
0.5269709543568465,0.6381909547738693
0.5291666666666667,0.6381909547738693
0.5313807531380753,0.6381909547738693
0.5336134453781513,0.6381909547738693
0.5358649789029536,0.6381909547738693
0.538135593220339,0.6381909547738693
0.5361702127659574,0.6331658291457286
0.5384615384615384,0.6331658291457286
0.5407725321888412,0.6331658291457286
0.5387931034482759,0.628140703517588
0.5367965367965368,0.6231155778894473
0.5391304347826087,0.6231155778894473
0.5414847161572053,0.6231155778894473
0.5394736842105263,0.6180904522613065
0.5418502202643172,0.6180904522613065
0.5442477876106194,0.6180904522613065
0.5422222222222223,0.6130653266331658
0.5446428571428571,0.6130653266331658
0.5426008968609866,0.6080402010050251
0.545045045045045,0.6080402010050251
0.5429864253393665,0.6030150753768844
0.5454545454545454,0.6030150753768844
0.54337899543379,0.5979899497487438
0.5458715596330275,0.5979899497487438
0.5483870967741935,0.5979899497487438
0.5462962962962963,0.592964824120603
0.5488372093023256,0.592964824120603
0.5514018691588785,0.592964824120603
0.5492957746478874,0.5879396984924623
0.5518867924528302,0.5879396984924623
0.5497630331753555,0.5829145728643216
0.5523809523809524,0.5829145728643216
0.5502392344497608,0.5778894472361809
0.5480769230769231,0.5728643216080402
0.5507246376811594,0.5728643216080402
0.5533980582524272,0.5728643216080402
0.5560975609756098,0.5728643216080402
0.5588235294117647,0.5728643216080402
0.5615763546798029,0.5728643216080402
0.5594059405940595,0.5678391959798995
0.5621890547263682,0.5678391959798995
0.565,0.5678391959798995
0.5678391959798995,0.5678391959798995
0.5707070707070707,0.5678391959798995
0.5736040609137056,0.5678391959798995
0.576530612244898,0.5678391959798995
0.5794871794871795,0.5678391959798995
0.5773195876288659,0.5628140703517588
0.5751295336787565,0.5577889447236181
0.5729166666666666,0.5527638190954773
0.5759162303664922,0.5527638190954773
0.5789473684210527,0.5527638190954773
0.582010582010582,0.5527638190954773
0.5851063829787234,0.5527638190954773
0.5882352941176471,0.5527638190954773
0.5913978494623656,0.5527638190954773
0.5945945945945946,0.5527638190954773
0.5978260869565217,0.5527638190954773
0.5956284153005464,0.5477386934673367
0.5989010989010989,0.5477386934673367
0.5966850828729282,0.542713567839196
0.6,0.542713567839196
0.5977653631284916,0.5376884422110553
0.5955056179775281,0.5326633165829145
0.5988700564971752,0.5326633165829145
0.6022727272727273,0.5326633165829145
0.6057142857142858,0.5326633165829145
0.603448275862069,0.5276381909547738
0.6069364161849711,0.5276381909547738
0.6046511627906976,0.5226130653266332
0.6023391812865497,0.5175879396984925
0.6058823529411764,0.5175879396984925
0.6094674556213018,0.5175879396984925
0.6130952380952381,0.5175879396984925
0.6167664670658682,0.5175879396984925
0.6204819277108434,0.5175879396984925
0.6242424242424243,0.5175879396984925
0.6280487804878049,0.5175879396984925
0.6319018404907976,0.5175879396984925
0.6296296296296297,0.5125628140703518
0.6273291925465838,0.507537688442211
0.63125,0.507537688442211
0.6289308176100629,0.5025125628140703
0.6265822784810127,0.49748743718592964
0.6242038216560509,0.49246231155778897
0.6282051282051282,0.49246231155778897
0.632258064516129,0.49246231155778897
0.6363636363636364,0.49246231155778897
0.6339869281045751,0.48743718592964824
0.6381578947368421,0.48743718592964824
0.6357615894039735,0.4824120603015075
0.6333333333333333,0.47738693467336685
0.6308724832214765,0.4723618090452261
0.6351351351351351,0.4723618090452261
0.6394557823129252,0.4723618090452261
0.6438356164383562,0.4723618090452261
0.6482758620689655,0.4723618090452261
0.6527777777777778,0.4723618090452261
0.6503496503496503,0.46733668341708545
0.6549295774647887,0.46733668341708545
0.6524822695035462,0.4623115577889447
0.65,0.457286432160804
0.6546762589928058,0.457286432160804
0.6594202898550725,0.457286432160804
0.6642335766423357,0.457286432160804
0.6691176470588235,0.457286432160804
0.6666666666666666,0.45226130653266333
0.6716417910447762,0.45226130653266333
0.6766917293233082,0.45226130653266333
0.6818181818181818,0.45226130653266333
0.6793893129770993,0.4472361809045226
0.676923076923077,0.44221105527638194
0.6821705426356589,0.44221105527638194
0.6796875,0.4371859296482412
0.6850393700787402,0.4371859296482412
0.6825396825396826,0.4321608040201005
0.688,0.4321608040201005
0.6935483870967742,0.4321608040201005
0.6991869918699187,0.4321608040201005
0.6967213114754098,0.4271356783919598
0.7024793388429752,0.4271356783919598
0.7,0.4221105527638191
0.6974789915966386,0.41708542713567837
0.6949152542372882,0.4120603015075377
0.7008547008547008,0.4120603015075377
0.7068965517241379,0.4120603015075377
0.7043478260869566,0.40703517587939697
0.7017543859649122,0.4020100502512563
0.6991150442477876,0.3969849246231156
0.6964285714285714,0.39195979899497485
0.6936936936936937,0.3869346733668342
0.6909090909090909,0.38190954773869346
0.6880733944954128,0.3768844221105528
0.6851851851851852,0.37185929648241206
0.6915887850467289,0.37185929648241206
0.6981132075471698,0.37185929648241206
0.7047619047619048,0.37185929648241206
0.7019230769230769,0.36683417085427134
0.6990291262135923,0.36180904522613067
0.696078431372549,0.35678391959798994
0.693069306930693,0.35175879396984927
0.69,0.34673366834170855
0.696969696969697,0.34673366834170855
0.7040816326530612,0.34673366834170855
0.711340206185567,0.34673366834170855
0.7083333333333334,0.3417085427135678
0.7052631578947368,0.33668341708542715
0.7127659574468085,0.33668341708542715
0.7096774193548387,0.3316582914572864
0.7065217391304348,0.32663316582914576
0.7032967032967034,0.32160804020100503
0.7,0.3165829145728643
0.6966292134831461,0.31155778894472363
0.7045454545454546,0.31155778894472363
0.7011494252873564,0.3065326633165829
0.7093023255813954,0.3065326633165829
0.7176470588235294,0.3065326633165829
0.7142857142857143,0.3015075376884422
0.7228915662650602,0.3015075376884422
0.7317073170731707,0.3015075376884422
0.7407407407407407,0.3015075376884422
0.7375,0.2964824120603015
0.7468354430379747,0.2964824120603015
0.7435897435897436,0.2914572864321608
0.7532467532467533,0.2914572864321608
0.75,0.2864321608040201
0.76,0.2864321608040201
0.7567567567567568,0.2814070351758794
0.7534246575342466,0.27638190954773867
0.75,0.271356783919598
0.7464788732394366,0.2663316582914573
0.7571428571428571,0.2663316582914573
0.7536231884057971,0.2613065326633166
0.7647058823529411,0.2613065326633166
0.7611940298507462,0.2562814070351759
0.7575757575757576,0.25125628140703515
0.7692307692307693,0.25125628140703515
0.765625,0.24623115577889448
0.7619047619047619,0.24120603015075376
0.7741935483870968,0.24120603015075376
0.7704918032786885,0.23618090452261306
0.7833333333333333,0.23618090452261306
0.7796610169491526,0.23115577889447236
0.7758620689655172,0.22613065326633167
0.7719298245614035,0.22110552763819097
0.7857142857142857,0.22110552763819097
0.8,0.22110552763819097
0.7962962962962963,0.21608040201005024
0.7924528301886793,0.21105527638190955
0.7884615384615384,0.20603015075376885
0.7843137254901961,0.20100502512562815
0.8,0.20100502512562815
0.7959183673469388,0.19597989949748743
0.7916666666666666,0.19095477386934673
0.7872340425531915,0.18592964824120603
0.8043478260869565,0.18592964824120603
0.8,0.18090452261306533
0.7954545454545454,0.17587939698492464
0.7906976744186046,0.1708542713567839
0.7857142857142857,0.1658291457286432
0.7804878048780488,0.16080402010050251
0.8,0.16080402010050251
0.7948717948717948,0.15577889447236182
0.7894736842105263,0.1507537688442211
0.7837837837837838,0.1457286432160804
0.7777777777777778,0.1407035175879397
0.8,0.1407035175879397
0.7941176470588235,0.135678391959799
0.8181818181818182,0.135678391959799
0.8125,0.1306532663316583
0.8064516129032258,0.12562814070351758
0.8,0.12060301507537688
0.7931034482758621,0.11557788944723618
0.7857142857142857,0.11055276381909548
0.7777777777777778,0.10552763819095477
0.7692307692307693,0.10050251256281408
0.8,0.10050251256281408
0.7916666666666666,0.09547738693467336
0.782608695652174,0.09045226130653267
0.7727272727272727,0.08542713567839195
0.8095238095238095,0.08542713567839195
0.85,0.08542713567839195
0.8421052631578947,0.08040201005025126
0.8333333333333334,0.07537688442211055
0.8235294117647058,0.07035175879396985
0.8125,0.06532663316582915
0.8,0.06030150753768844
0.8571428571428571,0.06030150753768844
0.8461538461538461,0.05527638190954774
0.8333333333333334,0.05025125628140704
0.8181818181818182,0.04522613065326633
0.9,0.04522613065326633
1.0,0.04020100502512563
1.0,0.035175879396984924
1.0,0.03015075376884422
1.0,0.02512562814070352
1.0,0.020100502512562814
1.0,0.01507537688442211
1.0,0.010050251256281407
1.0,0.005025125628140704
1.0,0.0
